name,iteration,durationMs,run,format,mutation,run_times_iteration,read_write,durationSec
mutation,1,3896101,3,delta,1,3,write,3896.101
q13,1,23953,3,delta,1,3,read,23.953
q19,1,5231,3,delta,1,3,read,5.231
q27,1,19777,3,delta,1,3,read,19.777
q28,1,46254,3,delta,1,3,read,46.254
q3,1,5697,3,delta,1,3,read,5.697
q36,1,9286,3,delta,1,3,read,9.286
q6,1,32521,3,delta,1,3,read,32.521
q7,1,11446,3,delta,1,3,read,11.446
q8,1,40006,3,delta,1,3,read,40.006
q9,1,20390,3,delta,1,3,read,20.39
q13,2,8338,3,delta,1,6,read,8.338
q19,2,2290,3,delta,1,6,read,2.29
q27,2,8605,3,delta,1,6,read,8.605
q28,2,35098,3,delta,1,6,read,35.098
q3,2,4115,3,delta,1,6,read,4.115
q36,2,7267,3,delta,1,6,read,7.267
q6,2,26441,3,delta,1,6,read,26.441
q7,2,7858,3,delta,1,6,read,7.858
q8,2,32790,3,delta,1,6,read,32.79
q9,2,14087,3,delta,1,6,read,14.087
q13,3,7362,3,delta,1,9,read,7.362
q19,3,1829,3,delta,1,9,read,1.829
q27,3,6380,3,delta,1,9,read,6.38
q28,3,33825,3,delta,1,9,read,33.825
q3,3,3403,3,delta,1,9,read,3.403
q36,3,6283,3,delta,1,9,read,6.283
q6,3,20904,3,delta,1,9,read,20.904
q7,3,7311,3,delta,1,9,read,7.311
q8,3,29739,3,delta,1,9,read,29.739
q9,3,12444,3,delta,1,9,read,12.444
mutation,1,1100782,3,delta,2,3,write,1100.782
q13,1,17908,3,delta,2,3,read,17.908
q19,1,4071,3,delta,2,3,read,4.071
q27,1,19660,3,delta,2,3,read,19.66
q28,1,43251,3,delta,2,3,read,43.251
q3,1,6196,3,delta,2,3,read,6.196
q36,1,9382,3,delta,2,3,read,9.382
q6,1,30513,3,delta,2,3,read,30.513
q7,1,10932,3,delta,2,3,read,10.932
q8,1,37272,3,delta,2,3,read,37.272
q9,1,18590,3,delta,2,3,read,18.59
q13,2,8117,3,delta,2,6,read,8.117
q19,2,2019,3,delta,2,6,read,2.019
q27,2,8487,3,delta,2,6,read,8.487
q28,2,34967,3,delta,2,6,read,34.967
q3,2,3781,3,delta,2,6,read,3.781
q36,2,6915,3,delta,2,6,read,6.915
q6,2,25032,3,delta,2,6,read,25.032
q7,2,7839,3,delta,2,6,read,7.839
q8,2,32766,3,delta,2,6,read,32.766
q9,2,13241,3,delta,2,6,read,13.241
q13,3,7466,3,delta,2,9,read,7.466
q19,3,1624,3,delta,2,9,read,1.624
q27,3,7185,3,delta,2,9,read,7.185
q28,3,33277,3,delta,2,9,read,33.277
q3,3,3206,3,delta,2,9,read,3.206
q36,3,6054,3,delta,2,9,read,6.054
q6,3,20610,3,delta,2,9,read,20.61
q7,3,7168,3,delta,2,9,read,7.168
q8,3,30711,3,delta,2,9,read,30.711
q9,3,12080,3,delta,2,9,read,12.08
mutation,1,429962,3,delta,3,3,write,429.962
q13,1,10580,3,delta,3,3,read,10.58
q19,1,7845,3,delta,3,3,read,7.845
q27,1,10079,3,delta,3,3,read,10.079
q28,1,36017,3,delta,3,3,read,36.017
q3,1,3728,3,delta,3,3,read,3.728
q36,1,6982,3,delta,3,3,read,6.982
q6,1,23789,3,delta,3,3,read,23.789
q7,1,8447,3,delta,3,3,read,8.447
q8,1,31529,3,delta,3,3,read,31.529
q9,1,13629,3,delta,3,3,read,13.629
q13,2,7562,3,delta,3,6,read,7.562
q19,2,1803,3,delta,3,6,read,1.803
q27,2,7628,3,delta,3,6,read,7.628
q28,2,33814,3,delta,3,6,read,33.814
q3,2,3272,3,delta,3,6,read,3.272
q36,2,5998,3,delta,3,6,read,5.998
q6,2,20403,3,delta,3,6,read,20.403
q7,2,7084,3,delta,3,6,read,7.084
q8,2,30439,3,delta,3,6,read,30.439
q9,2,12132,3,delta,3,6,read,12.132
q13,3,7260,3,delta,3,9,read,7.26
q19,3,1543,3,delta,3,9,read,1.543
q27,3,6796,3,delta,3,9,read,6.796
q28,3,34091,3,delta,3,9,read,34.091
q3,3,3301,3,delta,3,9,read,3.301
q36,3,6397,3,delta,3,9,read,6.397
q6,3,18893,3,delta,3,9,read,18.893
q7,3,6827,3,delta,3,9,read,6.827
q8,3,30190,3,delta,3,9,read,30.19
q9,3,11967,3,delta,3,9,read,11.967
mutation,1,78076,3,delta,4,3,write,78.076
q13,1,9380,3,delta,4,3,read,9.38
q19,1,1944,3,delta,4,3,read,1.944
q27,1,7584,3,delta,4,3,read,7.584
q28,1,33790,3,delta,4,3,read,33.79
q3,1,3280,3,delta,4,3,read,3.28
q36,1,6245,3,delta,4,3,read,6.245
q6,1,19113,3,delta,4,3,read,19.113
q7,1,7393,3,delta,4,3,read,7.393
q8,1,29815,3,delta,4,3,read,29.815
q9,1,12210,3,delta,4,3,read,12.21
q13,2,7873,3,delta,4,6,read,7.873
q19,2,1602,3,delta,4,6,read,1.602
q27,2,7109,3,delta,4,6,read,7.109
q28,2,34101,3,delta,4,6,read,34.101
q3,2,3198,3,delta,4,6,read,3.198
q36,2,6067,3,delta,4,6,read,6.067
q6,2,20835,3,delta,4,6,read,20.835
q7,2,6997,3,delta,4,6,read,6.997
q8,2,28852,3,delta,4,6,read,28.852
q9,2,12138,3,delta,4,6,read,12.138
q13,3,7366,3,delta,4,9,read,7.366
q19,3,1526,3,delta,4,9,read,1.526
q27,3,6770,3,delta,4,9,read,6.77
q28,3,34492,3,delta,4,9,read,34.492
q3,3,3571,3,delta,4,9,read,3.571
q36,3,7576,3,delta,4,9,read,7.576
q6,3,19007,3,delta,4,9,read,19.007
q7,3,7763,3,delta,4,9,read,7.763
q8,3,29507,3,delta,4,9,read,29.507
q9,3,12026,3,delta,4,9,read,12.026
mutation,1,695767,3,delta,5,3,write,695.767
q13,1,12708,3,delta,5,3,read,12.708
q19,1,3410,3,delta,5,3,read,3.41
q27,1,11902,3,delta,5,3,read,11.902
q28,1,37761,3,delta,5,3,read,37.761
q3,1,5001,3,delta,5,3,read,5.001
q36,1,8412,3,delta,5,3,read,8.412
q6,1,29054,3,delta,5,3,read,29.054
q7,1,10704,3,delta,5,3,read,10.704
q8,1,36044,3,delta,5,3,read,36.044
q9,1,17714,3,delta,5,3,read,17.714
q13,2,7543,3,delta,5,6,read,7.543
q19,2,1857,3,delta,5,6,read,1.857
q27,2,7655,3,delta,5,6,read,7.655
q28,2,34371,3,delta,5,6,read,34.371
q3,2,3671,3,delta,5,6,read,3.671
q36,2,6714,3,delta,5,6,read,6.714
q6,2,24911,3,delta,5,6,read,24.911
q7,2,7480,3,delta,5,6,read,7.48
q8,2,32099,3,delta,5,6,read,32.099
q9,2,14539,3,delta,5,6,read,14.539
q13,3,7591,3,delta,5,9,read,7.591
q19,3,1584,3,delta,5,9,read,1.584
q27,3,6409,3,delta,5,9,read,6.409
q28,3,32938,3,delta,5,9,read,32.938
q3,3,3211,3,delta,5,9,read,3.211
q36,3,6047,3,delta,5,9,read,6.047
q6,3,20594,3,delta,5,9,read,20.594
q7,3,6877,3,delta,5,9,read,6.877
q8,3,29355,3,delta,5,9,read,29.355
q9,3,12501,3,delta,5,9,read,12.501
mutation,1,1149104,3,delta,6,3,write,1149.104
q13,1,12266,3,delta,6,3,read,12.266
q19,1,3308,3,delta,6,3,read,3.308
q27,1,11911,3,delta,6,3,read,11.911
q28,1,37193,3,delta,6,3,read,37.193
q3,1,4767,3,delta,6,3,read,4.767
q36,1,8182,3,delta,6,3,read,8.182
q6,1,27984,3,delta,6,3,read,27.984
q7,1,9462,3,delta,6,3,read,9.462
q8,1,34145,3,delta,6,3,read,34.145
q9,1,16345,3,delta,6,3,read,16.345
q13,2,7544,3,delta,6,6,read,7.544
q19,2,1670,3,delta,6,6,read,1.67
q27,2,7341,3,delta,6,6,read,7.341
q28,2,34230,3,delta,6,6,read,34.23
q3,2,3676,3,delta,6,6,read,3.676
q36,2,7364,3,delta,6,6,read,7.364
q6,2,24139,3,delta,6,6,read,24.139
q7,2,7704,3,delta,6,6,read,7.704
q8,2,31599,3,delta,6,6,read,31.599
q9,2,12445,3,delta,6,6,read,12.445
q13,3,7292,3,delta,6,9,read,7.292
q19,3,1703,3,delta,6,9,read,1.703
q27,3,6672,3,delta,6,9,read,6.672
q28,3,33260,3,delta,6,9,read,33.26
q3,3,3203,3,delta,6,9,read,3.203
q36,3,6049,3,delta,6,9,read,6.049
q6,3,19278,3,delta,6,9,read,19.278
q7,3,7254,3,delta,6,9,read,7.254
q8,3,29455,3,delta,6,9,read,29.455
q9,3,11629,3,delta,6,9,read,11.629
mutation,1,3915024,4,delta,1,4,write,3915.024
q13,1,25329,4,delta,1,4,read,25.329
q19,1,5405,4,delta,1,4,read,5.405
q27,1,19717,4,delta,1,4,read,19.717
q28,1,45205,4,delta,1,4,read,45.205
q3,1,7119,4,delta,1,4,read,7.119
q36,1,9748,4,delta,1,4,read,9.748
q6,1,31518,4,delta,1,4,read,31.518
q7,1,11294,4,delta,1,4,read,11.294
q8,1,37405,4,delta,1,4,read,37.405
q9,1,19366,4,delta,1,4,read,19.366
q13,2,8033,4,delta,1,8,read,8.033
q19,2,1938,4,delta,1,8,read,1.938
q27,2,8098,4,delta,1,8,read,8.098
q28,2,35300,4,delta,1,8,read,35.3
q3,2,3738,4,delta,1,8,read,3.738
q36,2,7103,4,delta,1,8,read,7.103
q6,2,23905,4,delta,1,8,read,23.905
q7,2,7599,4,delta,1,8,read,7.599
q8,2,33554,4,delta,1,8,read,33.554
q9,2,13462,4,delta,1,8,read,13.462
q13,3,7520,4,delta,1,12,read,7.52
q19,3,1610,4,delta,1,12,read,1.61
q27,3,6697,4,delta,1,12,read,6.697
q28,3,34890,4,delta,1,12,read,34.89
q3,3,3449,4,delta,1,12,read,3.449
q36,3,6762,4,delta,1,12,read,6.762
q6,3,20026,4,delta,1,12,read,20.026
q7,3,8620,4,delta,1,12,read,8.62
q8,3,30351,4,delta,1,12,read,30.351
q9,3,12832,4,delta,1,12,read,12.832
mutation,1,1175520,4,delta,2,4,write,1175.52
q13,1,19921,4,delta,2,4,read,19.921
q19,1,4451,4,delta,2,4,read,4.451
q27,1,19028,4,delta,2,4,read,19.028
q28,1,41775,4,delta,2,4,read,41.775
q3,1,5601,4,delta,2,4,read,5.601
q36,1,10357,4,delta,2,4,read,10.357
q6,1,30410,4,delta,2,4,read,30.41
q7,1,11398,4,delta,2,4,read,11.398
q8,1,38816,4,delta,2,4,read,38.816
q9,1,18622,4,delta,2,4,read,18.622
q13,2,8010,4,delta,2,8,read,8.01
q19,2,1936,4,delta,2,8,read,1.936
q27,2,8477,4,delta,2,8,read,8.477
q28,2,34757,4,delta,2,8,read,34.757
q3,2,4626,4,delta,2,8,read,4.626
q36,2,6952,4,delta,2,8,read,6.952
q6,2,26463,4,delta,2,8,read,26.463
q7,2,8195,4,delta,2,8,read,8.195
q8,2,33061,4,delta,2,8,read,33.061
q9,2,15887,4,delta,2,8,read,15.887
q13,3,7453,4,delta,2,12,read,7.453
q19,3,3047,4,delta,2,12,read,3.047
q27,3,7270,4,delta,2,12,read,7.27
q28,3,33610,4,delta,2,12,read,33.61
q3,3,3236,4,delta,2,12,read,3.236
q36,3,6077,4,delta,2,12,read,6.077
q6,3,22338,4,delta,2,12,read,22.338
q7,3,7414,4,delta,2,12,read,7.414
q8,3,31299,4,delta,2,12,read,31.299
q9,3,13191,4,delta,2,12,read,13.191
mutation,1,445239,4,delta,3,4,write,445.239
q13,1,26215,4,delta,3,4,read,26.215
q19,1,3373,4,delta,3,4,read,3.373
q27,1,16372,4,delta,3,4,read,16.372
q28,1,38630,4,delta,3,4,read,38.63
q3,1,6294,4,delta,3,4,read,6.294
q36,1,10445,4,delta,3,4,read,10.445
q6,1,30170,4,delta,3,4,read,30.17
q7,1,12678,4,delta,3,4,read,12.678
q8,1,40785,4,delta,3,4,read,40.785
q9,1,23427,4,delta,3,4,read,23.427
q13,2,10925,4,delta,3,8,read,10.925
q19,2,3094,4,delta,3,8,read,3.094
q27,2,7418,4,delta,3,8,read,7.418
q28,2,34380,4,delta,3,8,read,34.38
q3,2,4606,4,delta,3,8,read,4.606
q36,2,6756,4,delta,3,8,read,6.756
q6,2,22623,4,delta,3,8,read,22.623
q7,2,9040,4,delta,3,8,read,9.04
q8,2,33155,4,delta,3,8,read,33.155
q9,2,12935,4,delta,3,8,read,12.935
q13,3,12044,4,delta,3,12,read,12.044
q19,3,3144,4,delta,3,12,read,3.144
q27,3,7149,4,delta,3,12,read,7.149
q28,3,33771,4,delta,3,12,read,33.771
q3,3,5009,4,delta,3,12,read,5.009
q36,3,7483,4,delta,3,12,read,7.483
q6,3,24336,4,delta,3,12,read,24.336
q7,3,8555,4,delta,3,12,read,8.555
q8,3,31924,4,delta,3,12,read,31.924
q9,3,14591,4,delta,3,12,read,14.591
mutation,1,80260,4,delta,4,4,write,80.26
q13,1,9776,4,delta,4,4,read,9.776
q19,1,2950,4,delta,4,4,read,2.95
q27,1,8474,4,delta,4,4,read,8.474
q28,1,35176,4,delta,4,4,read,35.176
q3,1,5429,4,delta,4,4,read,5.429
q36,1,8288,4,delta,4,4,read,8.288
q6,1,22127,4,delta,4,4,read,22.127
q7,1,10678,4,delta,4,4,read,10.678
q8,1,32383,4,delta,4,4,read,32.383
q9,1,13041,4,delta,4,4,read,13.041
q13,2,8793,4,delta,4,8,read,8.793
q19,2,2485,4,delta,4,8,read,2.485
q27,2,7996,4,delta,4,8,read,7.996
q28,2,35415,4,delta,4,8,read,35.415
q3,2,5162,4,delta,4,8,read,5.162
q36,2,7074,4,delta,4,8,read,7.074
q6,2,24540,4,delta,4,8,read,24.54
q7,2,20376,4,delta,4,8,read,20.376
q8,2,29870,4,delta,4,8,read,29.87
q9,2,13798,4,delta,4,8,read,13.798
q13,3,9507,4,delta,4,12,read,9.507
q19,3,2886,4,delta,4,12,read,2.886
q27,3,8574,4,delta,4,12,read,8.574
q28,3,36195,4,delta,4,12,read,36.195
q3,3,5298,4,delta,4,12,read,5.298
q36,3,7505,4,delta,4,12,read,7.505
q6,3,20718,4,delta,4,12,read,20.718
q7,3,9527,4,delta,4,12,read,9.527
q8,3,35465,4,delta,4,12,read,35.465
q9,3,18028,4,delta,4,12,read,18.028
mutation,1,694894,4,delta,5,4,write,694.894
q13,1,28409,4,delta,5,4,read,28.409
q19,1,3824,4,delta,5,4,read,3.824
q27,1,14536,4,delta,5,4,read,14.536
q28,1,43283,4,delta,5,4,read,43.283
q3,1,40012,4,delta,5,4,read,40.012
q36,1,11142,4,delta,5,4,read,11.142
q6,1,45827,4,delta,5,4,read,45.827
q7,1,17452,4,delta,5,4,read,17.452
q8,1,41116,4,delta,5,4,read,41.116
q9,1,22917,4,delta,5,4,read,22.917
q13,2,10202,4,delta,5,8,read,10.202
q19,2,2724,4,delta,5,8,read,2.724
q27,2,9790,4,delta,5,8,read,9.79
q28,2,36593,4,delta,5,8,read,36.593
q3,2,14716,4,delta,5,8,read,14.716
q36,2,8781,4,delta,5,8,read,8.781
q6,2,35724,4,delta,5,8,read,35.724
q7,2,8668,4,delta,5,8,read,8.668
q8,2,42598,4,delta,5,8,read,42.598
q9,2,16618,4,delta,5,8,read,16.618
q13,3,17635,4,delta,5,12,read,17.635
q19,3,3013,4,delta,5,12,read,3.013
q27,3,8236,4,delta,5,12,read,8.236
q28,3,43043,4,delta,5,12,read,43.043
q3,3,11855,4,delta,5,12,read,11.855
q36,3,7705,4,delta,5,12,read,7.705
q6,3,25594,4,delta,5,12,read,25.594
q7,3,32687,4,delta,5,12,read,32.687
q8,3,33400,4,delta,5,12,read,33.4
q9,3,14254,4,delta,5,12,read,14.254
mutation,1,1154422,4,delta,6,4,write,1154.422
q13,1,12963,4,delta,6,4,read,12.963
q19,1,3355,4,delta,6,4,read,3.355
q27,1,12023,4,delta,6,4,read,12.023
q28,1,40620,4,delta,6,4,read,40.62
q3,1,6452,4,delta,6,4,read,6.452
q36,1,10273,4,delta,6,4,read,10.273
q6,1,28252,4,delta,6,4,read,28.252
q7,1,10135,4,delta,6,4,read,10.135
q8,1,34030,4,delta,6,4,read,34.03
q9,1,16462,4,delta,6,4,read,16.462
q13,2,7681,4,delta,6,8,read,7.681
q19,2,2675,4,delta,6,8,read,2.675
q27,2,8502,4,delta,6,8,read,8.502
q28,2,33330,4,delta,6,8,read,33.33
q3,2,3707,4,delta,6,8,read,3.707
q36,2,6633,4,delta,6,8,read,6.633
q6,2,23994,4,delta,6,8,read,23.994
q7,2,10478,4,delta,6,8,read,10.478
q8,2,32205,4,delta,6,8,read,32.205
q9,2,12739,4,delta,6,8,read,12.739
q13,3,7605,4,delta,6,12,read,7.605
q19,3,1713,4,delta,6,12,read,1.713
q27,3,6972,4,delta,6,12,read,6.972
q28,3,33082,4,delta,6,12,read,33.082
q3,3,3408,4,delta,6,12,read,3.408
q36,3,6393,4,delta,6,12,read,6.393
q6,3,19805,4,delta,6,12,read,19.805
q7,3,6957,4,delta,6,12,read,6.957
q8,3,28765,4,delta,6,12,read,28.765
q9,3,12264,4,delta,6,12,read,12.264
mutation,1,3877221,2,delta,1,2,write,3877.221
q13,1,23266,2,delta,1,2,read,23.266
q19,1,5670,2,delta,1,2,read,5.67
q27,1,17594,2,delta,1,2,read,17.594
q28,1,45805,2,delta,1,2,read,45.805
q3,1,6408,2,delta,1,2,read,6.408
q36,1,11968,2,delta,1,2,read,11.968
q6,1,37061,2,delta,1,2,read,37.061
q7,1,12338,2,delta,1,2,read,12.338
q8,1,39289,2,delta,1,2,read,39.289
q9,1,22231,2,delta,1,2,read,22.231
q13,2,8579,2,delta,1,4,read,8.579
q19,2,2334,2,delta,1,4,read,2.334
q27,2,8616,2,delta,1,4,read,8.616
q28,2,36226,2,delta,1,4,read,36.226
q3,2,4214,2,delta,1,4,read,4.214
q36,2,7292,2,delta,1,4,read,7.292
q6,2,27321,2,delta,1,4,read,27.321
q7,2,7938,2,delta,1,4,read,7.938
q8,2,33435,2,delta,1,4,read,33.435
q9,2,15126,2,delta,1,4,read,15.126
q13,3,7703,2,delta,1,6,read,7.703
q19,3,1999,2,delta,1,6,read,1.999
q27,3,7197,2,delta,1,6,read,7.197
q28,3,34463,2,delta,1,6,read,34.463
q3,3,3470,2,delta,1,6,read,3.47
q36,3,6034,2,delta,1,6,read,6.034
q6,3,22548,2,delta,1,6,read,22.548
q7,3,7513,2,delta,1,6,read,7.513
q8,3,30566,2,delta,1,6,read,30.566
q9,3,12612,2,delta,1,6,read,12.612
mutation,1,1113509,2,delta,2,2,write,1113.509
q13,1,19143,2,delta,2,2,read,19.143
q19,1,3727,2,delta,2,2,read,3.727
q27,1,15587,2,delta,2,2,read,15.587
q28,1,41483,2,delta,2,2,read,41.483
q3,1,5689,2,delta,2,2,read,5.689
q36,1,9299,2,delta,2,2,read,9.299
q6,1,32190,2,delta,2,2,read,32.19
q7,1,11220,2,delta,2,2,read,11.22
q8,1,37141,2,delta,2,2,read,37.141
q9,1,19738,2,delta,2,2,read,19.738
q13,2,7941,2,delta,2,4,read,7.941
q19,2,1983,2,delta,2,4,read,1.983
q27,2,8588,2,delta,2,4,read,8.588
q28,2,34612,2,delta,2,4,read,34.612
q3,2,3723,2,delta,2,4,read,3.723
q36,2,6773,2,delta,2,4,read,6.773
q6,2,27924,2,delta,2,4,read,27.924
q7,2,7861,2,delta,2,4,read,7.861
q8,2,33401,2,delta,2,4,read,33.401
q9,2,13894,2,delta,2,4,read,13.894
q13,3,7261,2,delta,2,6,read,7.261
q19,3,1671,2,delta,2,6,read,1.671
q27,3,7063,2,delta,2,6,read,7.063
q28,3,33824,2,delta,2,6,read,33.824
q3,3,3496,2,delta,2,6,read,3.496
q36,3,6386,2,delta,2,6,read,6.386
q6,3,21104,2,delta,2,6,read,21.104
q7,3,7248,2,delta,2,6,read,7.248
q8,3,30086,2,delta,2,6,read,30.086
q9,3,12354,2,delta,2,6,read,12.354
mutation,1,444283,2,delta,3,2,write,444.283
q13,1,10374,2,delta,3,2,read,10.374
q19,1,6572,2,delta,3,2,read,6.572
q27,1,10870,2,delta,3,2,read,10.87
q28,1,35176,2,delta,3,2,read,35.176
q3,1,4259,2,delta,3,2,read,4.259
q36,1,7283,2,delta,3,2,read,7.283
q6,1,24057,2,delta,3,2,read,24.057
q7,1,8596,2,delta,3,2,read,8.596
q8,1,32820,2,delta,3,2,read,32.82
q9,1,15251,2,delta,3,2,read,15.251
q13,2,7431,2,delta,3,4,read,7.431
q19,2,1786,2,delta,3,4,read,1.786
q27,2,7483,2,delta,3,4,read,7.483
q28,2,33421,2,delta,3,4,read,33.421
q3,2,3205,2,delta,3,4,read,3.205
q36,2,6280,2,delta,3,4,read,6.28
q6,2,22813,2,delta,3,4,read,22.813
q7,2,7154,2,delta,3,4,read,7.154
q8,2,33173,2,delta,3,4,read,33.173
q9,2,13181,2,delta,3,4,read,13.181
q13,3,7170,2,delta,3,6,read,7.17
q19,3,1690,2,delta,3,6,read,1.69
q27,3,6894,2,delta,3,6,read,6.894
q28,3,32948,2,delta,3,6,read,32.948
q3,3,3276,2,delta,3,6,read,3.276
q36,3,6217,2,delta,3,6,read,6.217
q6,3,20367,2,delta,3,6,read,20.367
q7,3,6967,2,delta,3,6,read,6.967
q8,3,30235,2,delta,3,6,read,30.235
q9,3,12495,2,delta,3,6,read,12.495
mutation,1,78397,2,delta,4,2,write,78.397
q13,1,9322,2,delta,4,2,read,9.322
q19,1,1841,2,delta,4,2,read,1.841
q27,1,7187,2,delta,4,2,read,7.187
q28,1,33375,2,delta,4,2,read,33.375
q3,1,3274,2,delta,4,2,read,3.274
q36,1,6734,2,delta,4,2,read,6.734
q6,1,21628,2,delta,4,2,read,21.628
q7,1,7642,2,delta,4,2,read,7.642
q8,1,29419,2,delta,4,2,read,29.419
q9,1,12525,2,delta,4,2,read,12.525
q13,2,7585,2,delta,4,4,read,7.585
q19,2,1653,2,delta,4,4,read,1.653
q27,2,6815,2,delta,4,4,read,6.815
q28,2,33498,2,delta,4,4,read,33.498
q3,2,3430,2,delta,4,4,read,3.43
q36,2,6364,2,delta,4,4,read,6.364
q6,2,18689,2,delta,4,4,read,18.689
q7,2,7015,2,delta,4,4,read,7.015
q8,2,29417,2,delta,4,4,read,29.417
q9,2,12139,2,delta,4,4,read,12.139
q13,3,7458,2,delta,4,6,read,7.458
q19,3,1530,2,delta,4,6,read,1.53
q27,3,6986,2,delta,4,6,read,6.986
q28,3,34371,2,delta,4,6,read,34.371
q3,3,3398,2,delta,4,6,read,3.398
q36,3,6042,2,delta,4,6,read,6.042
q6,3,18874,2,delta,4,6,read,18.874
q7,3,7179,2,delta,4,6,read,7.179
q8,3,30598,2,delta,4,6,read,30.598
q9,3,12131,2,delta,4,6,read,12.131
mutation,1,715363,2,delta,5,2,write,715.363
q13,1,13276,2,delta,5,2,read,13.276
q19,1,3756,2,delta,5,2,read,3.756
q27,1,13175,2,delta,5,2,read,13.175
q28,1,39868,2,delta,5,2,read,39.868
q3,1,5524,2,delta,5,2,read,5.524
q36,1,9152,2,delta,5,2,read,9.152
q6,1,34511,2,delta,5,2,read,34.511
q7,1,11622,2,delta,5,2,read,11.622
q8,1,39815,2,delta,5,2,read,39.815
q9,1,20904,2,delta,5,2,read,20.904
q13,2,8154,2,delta,5,4,read,8.154
q19,2,2314,2,delta,5,4,read,2.314
q27,2,8470,2,delta,5,4,read,8.47
q28,2,34413,2,delta,5,4,read,34.413
q3,2,4037,2,delta,5,4,read,4.037
q36,2,7172,2,delta,5,4,read,7.172
q6,2,27987,2,delta,5,4,read,27.987
q7,2,8060,2,delta,5,4,read,8.06
q8,2,33834,2,delta,5,4,read,33.834
q9,2,14653,2,delta,5,4,read,14.653
q13,3,7481,2,delta,5,6,read,7.481
q19,3,1867,2,delta,5,6,read,1.867
q27,3,7141,2,delta,5,6,read,7.141
q28,3,32711,2,delta,5,6,read,32.711
q3,3,3240,2,delta,5,6,read,3.24
q36,3,6141,2,delta,5,6,read,6.141
q6,3,21409,2,delta,5,6,read,21.409
q7,3,6894,2,delta,5,6,read,6.894
q8,3,30226,2,delta,5,6,read,30.226
q9,3,13939,2,delta,5,6,read,13.939
mutation,1,1139752,2,delta,6,2,write,1139.752
q13,1,13780,2,delta,6,2,read,13.78
q19,1,3609,2,delta,6,2,read,3.609
q27,1,12840,2,delta,6,2,read,12.84
q28,1,39124,2,delta,6,2,read,39.124
q3,1,5158,2,delta,6,2,read,5.158
q36,1,8570,2,delta,6,2,read,8.57
q6,1,29446,2,delta,6,2,read,29.446
q7,1,10604,2,delta,6,2,read,10.604
q8,1,36015,2,delta,6,2,read,36.015
q9,1,17431,2,delta,6,2,read,17.431
q13,2,8152,2,delta,6,4,read,8.152
q19,2,1848,2,delta,6,4,read,1.848
q27,2,7810,2,delta,6,4,read,7.81
q28,2,33778,2,delta,6,4,read,33.778
q3,2,3612,2,delta,6,4,read,3.612
q36,2,6661,2,delta,6,4,read,6.661
q6,2,24447,2,delta,6,4,read,24.447
q7,2,7968,2,delta,6,4,read,7.968
q8,2,31770,2,delta,6,4,read,31.77
q9,2,13193,2,delta,6,4,read,13.193
q13,3,8072,2,delta,6,6,read,8.072
q19,3,1777,2,delta,6,6,read,1.777
q27,3,6939,2,delta,6,6,read,6.939
q28,3,34982,2,delta,6,6,read,34.982
q3,3,3312,2,delta,6,6,read,3.312
q36,3,6299,2,delta,6,6,read,6.299
q6,3,20882,2,delta,6,6,read,20.882
q7,3,7381,2,delta,6,6,read,7.381
q8,3,29699,2,delta,6,6,read,29.699
q9,3,12289,2,delta,6,6,read,12.289
mutation,1,3976275,1,delta,1,1,write,3976.275
q13,1,23925,1,delta,1,1,read,23.925
q19,1,5768,1,delta,1,1,read,5.768
q27,1,19769,1,delta,1,1,read,19.769
q28,1,45961,1,delta,1,1,read,45.961
q3,1,5789,1,delta,1,1,read,5.789
q36,1,10677,1,delta,1,1,read,10.677
q6,1,32504,1,delta,1,1,read,32.504
q7,1,11311,1,delta,1,1,read,11.311
q8,1,37119,1,delta,1,1,read,37.119
q9,1,20573,1,delta,1,1,read,20.573
q13,2,9352,1,delta,1,2,read,9.352
q19,2,1967,1,delta,1,2,read,1.967
q27,2,8911,1,delta,1,2,read,8.911
q28,2,35075,1,delta,1,2,read,35.075
q3,2,3853,1,delta,1,2,read,3.853
q36,2,7232,1,delta,1,2,read,7.232
q6,2,25256,1,delta,1,2,read,25.256
q7,2,22233,1,delta,1,2,read,22.233
q8,2,34516,1,delta,1,2,read,34.516
q9,2,14245,1,delta,1,2,read,14.245
q13,3,7960,1,delta,1,3,read,7.96
q19,3,2213,1,delta,1,3,read,2.213
q27,3,6755,1,delta,1,3,read,6.755
q28,3,34233,1,delta,1,3,read,34.233
q3,3,3515,1,delta,1,3,read,3.515
q36,3,6655,1,delta,1,3,read,6.655
q6,3,20447,1,delta,1,3,read,20.447
q7,3,7092,1,delta,1,3,read,7.092
q8,3,30262,1,delta,1,3,read,30.262
q9,3,12844,1,delta,1,3,read,12.844
mutation,1,1180670,1,delta,2,1,write,1180.67
q13,1,19551,1,delta,2,1,read,19.551
q19,1,5015,1,delta,2,1,read,5.015
q27,1,22345,1,delta,2,1,read,22.345
q28,1,42499,1,delta,2,1,read,42.499
q3,1,5350,1,delta,2,1,read,5.35
q36,1,10252,1,delta,2,1,read,10.252
q6,1,31953,1,delta,2,1,read,31.953
q7,1,14734,1,delta,2,1,read,14.734
q8,1,38312,1,delta,2,1,read,38.312
q9,1,18899,1,delta,2,1,read,18.899
q13,2,8429,1,delta,2,2,read,8.429
q19,2,2146,1,delta,2,2,read,2.146
q27,2,9835,1,delta,2,2,read,9.835
q28,2,35414,1,delta,2,2,read,35.414
q3,2,4376,1,delta,2,2,read,4.376
q36,2,7017,1,delta,2,2,read,7.017
q6,2,25867,1,delta,2,2,read,25.867
q7,2,8723,1,delta,2,2,read,8.723
q8,2,33846,1,delta,2,2,read,33.846
q9,2,13717,1,delta,2,2,read,13.717
q13,3,7429,1,delta,2,3,read,7.429
q19,3,1748,1,delta,2,3,read,1.748
q27,3,7310,1,delta,2,3,read,7.31
q28,3,34283,1,delta,2,3,read,34.283
q3,3,5167,1,delta,2,3,read,5.167
q36,3,6626,1,delta,2,3,read,6.626
q6,3,24290,1,delta,2,3,read,24.29
q7,3,8737,1,delta,2,3,read,8.737
q8,3,31063,1,delta,2,3,read,31.063
q9,3,12616,1,delta,2,3,read,12.616
mutation,1,418509,1,delta,3,1,write,418.509
q13,1,18812,1,delta,3,1,read,18.812
q19,1,3655,1,delta,3,1,read,3.655
q27,1,11746,1,delta,3,1,read,11.746
q28,1,38940,1,delta,3,1,read,38.94
q3,1,4419,1,delta,3,1,read,4.419
q36,1,8113,1,delta,3,1,read,8.113
q6,1,25898,1,delta,3,1,read,25.898
q7,1,9598,1,delta,3,1,read,9.598
q8,1,35789,1,delta,3,1,read,35.789
q9,1,15159,1,delta,3,1,read,15.159
q13,2,9810,1,delta,3,2,read,9.81
q19,2,1803,1,delta,3,2,read,1.803
q27,2,8015,1,delta,3,2,read,8.015
q28,2,34260,1,delta,3,2,read,34.26
q3,2,3709,1,delta,3,2,read,3.709
q36,2,6925,1,delta,3,2,read,6.925
q6,2,24008,1,delta,3,2,read,24.008
q7,2,7911,1,delta,3,2,read,7.911
q8,2,31245,1,delta,3,2,read,31.245
q9,2,13616,1,delta,3,2,read,13.616
q13,3,7689,1,delta,3,3,read,7.689
q19,3,1910,1,delta,3,3,read,1.91
q27,3,7162,1,delta,3,3,read,7.162
q28,3,34487,1,delta,3,3,read,34.487
q3,3,3702,1,delta,3,3,read,3.702
q36,3,6350,1,delta,3,3,read,6.35
q6,3,20502,1,delta,3,3,read,20.502
q7,3,7422,1,delta,3,3,read,7.422
q8,3,31626,1,delta,3,3,read,31.626
q9,3,12559,1,delta,3,3,read,12.559
mutation,1,79837,1,delta,4,1,write,79.837
q13,1,9418,1,delta,4,1,read,9.418
q19,1,2195,1,delta,4,1,read,2.195
q27,1,7556,1,delta,4,1,read,7.556
q28,1,34095,1,delta,4,1,read,34.095
q3,1,3472,1,delta,4,1,read,3.472
q36,1,6677,1,delta,4,1,read,6.677
q6,1,22683,1,delta,4,1,read,22.683
q7,1,7462,1,delta,4,1,read,7.462
q8,1,29916,1,delta,4,1,read,29.916
q9,1,12906,1,delta,4,1,read,12.906
q13,2,8062,1,delta,4,2,read,8.062
q19,2,1916,1,delta,4,2,read,1.916
q27,2,7524,1,delta,4,2,read,7.524
q28,2,34542,1,delta,4,2,read,34.542
q3,2,3557,1,delta,4,2,read,3.557
q36,2,8464,1,delta,4,2,read,8.464
q6,2,19420,1,delta,4,2,read,19.42
q7,2,7659,1,delta,4,2,read,7.659
q8,2,30277,1,delta,4,2,read,30.277
q9,2,12614,1,delta,4,2,read,12.614
q13,3,7671,1,delta,4,3,read,7.671
q19,3,2083,1,delta,4,3,read,2.083
q27,3,8336,1,delta,4,3,read,8.336
q28,3,34774,1,delta,4,3,read,34.774
q3,3,3376,1,delta,4,3,read,3.376
q36,3,6349,1,delta,4,3,read,6.349
q6,3,19122,1,delta,4,3,read,19.122
q7,3,8809,1,delta,4,3,read,8.809
q8,3,30623,1,delta,4,3,read,30.623
q9,3,12492,1,delta,4,3,read,12.492
mutation,1,703110,1,delta,5,1,write,703.11
q13,1,13555,1,delta,5,1,read,13.555
q19,1,3460,1,delta,5,1,read,3.46
q27,1,11933,1,delta,5,1,read,11.933
q28,1,39173,1,delta,5,1,read,39.173
q3,1,5105,1,delta,5,1,read,5.105
q36,1,8561,1,delta,5,1,read,8.561
q6,1,28275,1,delta,5,1,read,28.275
q7,1,10251,1,delta,5,1,read,10.251
q8,1,35347,1,delta,5,1,read,35.347
q9,1,19097,1,delta,5,1,read,19.097
q13,2,13936,1,delta,5,2,read,13.936
q19,2,2070,1,delta,5,2,read,2.07
q27,2,8036,1,delta,5,2,read,8.036
q28,2,34510,1,delta,5,2,read,34.51
q3,2,3773,1,delta,5,2,read,3.773
q36,2,6976,1,delta,5,2,read,6.976
q6,2,23972,1,delta,5,2,read,23.972
q7,2,7491,1,delta,5,2,read,7.491
q8,2,36249,1,delta,5,2,read,36.249
q9,2,13477,1,delta,5,2,read,13.477
q13,3,7641,1,delta,5,3,read,7.641
q19,3,1914,1,delta,5,3,read,1.914
q27,3,7110,1,delta,5,3,read,7.11
q28,3,33909,1,delta,5,3,read,33.909
q3,3,4968,1,delta,5,3,read,4.968
q36,3,6345,1,delta,5,3,read,6.345
q6,3,21307,1,delta,5,3,read,21.307
q7,3,8600,1,delta,5,3,read,8.6
q8,3,38278,1,delta,5,3,read,38.278
q9,3,13285,1,delta,5,3,read,13.285
mutation,1,1148554,1,delta,6,1,write,1148.554
q13,1,14408,1,delta,6,1,read,14.408
q19,1,3615,1,delta,6,1,read,3.615
q27,1,13515,1,delta,6,1,read,13.515
q28,1,39677,1,delta,6,1,read,39.677
q3,1,5115,1,delta,6,1,read,5.115
q36,1,8870,1,delta,6,1,read,8.87
q6,1,31321,1,delta,6,1,read,31.321
q7,1,10856,1,delta,6,1,read,10.856
q8,1,36254,1,delta,6,1,read,36.254
q9,1,20596,1,delta,6,1,read,20.596
q13,2,9412,1,delta,6,2,read,9.412
q19,2,2165,1,delta,6,2,read,2.165
q27,2,8079,1,delta,6,2,read,8.079
q28,2,34087,1,delta,6,2,read,34.087
q3,2,3862,1,delta,6,2,read,3.862
q36,2,6672,1,delta,6,2,read,6.672
q6,2,24562,1,delta,6,2,read,24.562
q7,2,8551,1,delta,6,2,read,8.551
q8,2,32599,1,delta,6,2,read,32.599
q9,2,13483,1,delta,6,2,read,13.483
q13,3,7730,1,delta,6,3,read,7.73
q19,3,1697,1,delta,6,3,read,1.697
q27,3,6691,1,delta,6,3,read,6.691
q28,3,33334,1,delta,6,3,read,33.334
q3,3,3265,1,delta,6,3,read,3.265
q36,3,6159,1,delta,6,3,read,6.159
q6,3,22749,1,delta,6,3,read,22.749
q7,3,8026,1,delta,6,3,read,8.026
q8,3,30440,1,delta,6,3,read,30.44
q9,3,12400,1,delta,6,3,read,12.4
mutation,1,4087485,4,iceberg,1,4,write,4087.485
q13,1,25242,4,iceberg,1,4,read,25.242
q19,1,7793,4,iceberg,1,4,read,7.793
q27,1,18133,4,iceberg,1,4,read,18.133
q28,1,159393,4,iceberg,1,4,read,159.393
q3,1,6249,4,iceberg,1,4,read,6.249
q36,1,10947,4,iceberg,1,4,read,10.947
q6,1,34165,4,iceberg,1,4,read,34.165
q7,1,12584,4,iceberg,1,4,read,12.584
q8,1,41529,4,iceberg,1,4,read,41.529
q9,1,172022,4,iceberg,1,4,read,172.022
q13,2,12818,4,iceberg,1,8,read,12.818
q19,2,2964,4,iceberg,1,8,read,2.964
q27,2,10256,4,iceberg,1,8,read,10.256
q28,2,134313,4,iceberg,1,8,read,134.313
q3,2,5028,4,iceberg,1,8,read,5.028
q36,2,9189,4,iceberg,1,8,read,9.189
q6,2,28294,4,iceberg,1,8,read,28.294
q7,2,10681,4,iceberg,1,8,read,10.681
q8,2,38877,4,iceberg,1,8,read,38.877
q9,2,167338,4,iceberg,1,8,read,167.338
q13,3,11713,4,iceberg,1,12,read,11.713
q19,3,2896,4,iceberg,1,12,read,2.896
q27,3,10063,4,iceberg,1,12,read,10.063
q28,3,141324,4,iceberg,1,12,read,141.324
q3,3,4846,4,iceberg,1,12,read,4.846
q36,3,9095,4,iceberg,1,12,read,9.095
q6,3,27924,4,iceberg,1,12,read,27.924
q7,3,11538,4,iceberg,1,12,read,11.538
q8,3,39248,4,iceberg,1,12,read,39.248
q9,3,170745,4,iceberg,1,12,read,170.745
mutation,1,1846404,4,iceberg,2,4,write,1846.404
q13,1,21747,4,iceberg,2,4,read,21.747
q19,1,7780,4,iceberg,2,4,read,7.78
q27,1,267381,4,iceberg,2,4,read,267.381
q28,1,575617,4,iceberg,2,4,read,575.617
q3,1,33483,4,iceberg,2,4,read,33.483
q36,1,13975,4,iceberg,2,4,read,13.975
q6,1,212583,4,iceberg,2,4,read,212.583
q7,1,15810,4,iceberg,2,4,read,15.81
q8,1,206437,4,iceberg,2,4,read,206.437
q9,1,1356671,4,iceberg,2,4,read,1356.671
q13,2,23405,4,iceberg,2,8,read,23.405
q19,2,9690,4,iceberg,2,8,read,9.69
q27,2,213094,4,iceberg,2,8,read,213.094
q28,2,564386,4,iceberg,2,8,read,564.386
q3,2,33020,4,iceberg,2,8,read,33.02
q36,2,14142,4,iceberg,2,8,read,14.142
q6,2,231425,4,iceberg,2,8,read,231.425
q7,2,17011,4,iceberg,2,8,read,17.011
q8,2,199815,4,iceberg,2,8,read,199.815
q9,2,1340079,4,iceberg,2,8,read,1340.079
q13,3,23539,4,iceberg,2,12,read,23.539
q19,3,9247,4,iceberg,2,12,read,9.247
q27,3,217555,4,iceberg,2,12,read,217.555
q28,3,559526,4,iceberg,2,12,read,559.526
q3,3,32525,4,iceberg,2,12,read,32.525
q36,3,14585,4,iceberg,2,12,read,14.585
q6,3,211831,4,iceberg,2,12,read,211.831
q7,3,17186,4,iceberg,2,12,read,17.186
q8,3,202846,4,iceberg,2,12,read,202.846
q9,3,1349986,4,iceberg,2,12,read,1349.986
mutation,1,1673331,4,iceberg,3,4,write,1673.331
q13,1,24023,4,iceberg,3,4,read,24.023
q19,1,9477,4,iceberg,3,4,read,9.477
q27,1,252757,4,iceberg,3,4,read,252.757
q28,1,571622,4,iceberg,3,4,read,571.622
q3,1,33510,4,iceberg,3,4,read,33.51
q36,1,15018,4,iceberg,3,4,read,15.018
q6,1,212538,4,iceberg,3,4,read,212.538
q7,1,16354,4,iceberg,3,4,read,16.354
q8,1,204558,4,iceberg,3,4,read,204.558
q9,1,1342013,4,iceberg,3,4,read,1342.013
q13,2,20317,4,iceberg,3,8,read,20.317
q19,2,9213,4,iceberg,3,8,read,9.213
q27,2,211888,4,iceberg,3,8,read,211.888
q28,2,559741,4,iceberg,3,8,read,559.741
q3,2,32981,4,iceberg,3,8,read,32.981
q36,2,13970,4,iceberg,3,8,read,13.97
q6,2,214826,4,iceberg,3,8,read,214.826
q7,2,16367,4,iceberg,3,8,read,16.367
q8,2,203689,4,iceberg,3,8,read,203.689
q9,2,1344586,4,iceberg,3,8,read,1344.586
q13,3,24606,4,iceberg,3,12,read,24.606
q19,3,9559,4,iceberg,3,12,read,9.559
q27,3,213504,4,iceberg,3,12,read,213.504
q28,3,557681,4,iceberg,3,12,read,557.681
q3,3,33072,4,iceberg,3,12,read,33.072
q36,3,14472,4,iceberg,3,12,read,14.472
q6,3,209782,4,iceberg,3,12,read,209.782
q7,3,17718,4,iceberg,3,12,read,17.718
q8,3,203360,4,iceberg,3,12,read,203.36
q9,3,1349035,4,iceberg,3,12,read,1349.035
mutation,1,1462092,4,iceberg,4,4,write,1462.092
q13,1,20502,4,iceberg,4,4,read,20.502
q19,1,8402,4,iceberg,4,4,read,8.402
q27,1,243616,4,iceberg,4,4,read,243.616
q28,1,576586,4,iceberg,4,4,read,576.586
q3,1,33356,4,iceberg,4,4,read,33.356
q36,1,15523,4,iceberg,4,4,read,15.523
q6,1,218068,4,iceberg,4,4,read,218.068
q7,1,17944,4,iceberg,4,4,read,17.944
q8,1,202404,4,iceberg,4,4,read,202.404
q9,1,1351080,4,iceberg,4,4,read,1351.08
q13,2,23646,4,iceberg,4,8,read,23.646
q19,2,9296,4,iceberg,4,8,read,9.296
q27,2,258891,4,iceberg,4,8,read,258.891
q28,2,561420,4,iceberg,4,8,read,561.42
q3,2,33063,4,iceberg,4,8,read,33.063
q36,2,14261,4,iceberg,4,8,read,14.261
q6,2,215716,4,iceberg,4,8,read,215.716
q7,2,17088,4,iceberg,4,8,read,17.088
q8,2,203582,4,iceberg,4,8,read,203.582
q9,2,1358083,4,iceberg,4,8,read,1358.083
q13,3,24077,4,iceberg,4,12,read,24.077
q19,3,9970,4,iceberg,4,12,read,9.97
q27,3,216046,4,iceberg,4,12,read,216.046
q28,3,564935,4,iceberg,4,12,read,564.935
q3,3,33921,4,iceberg,4,12,read,33.921
q36,3,14595,4,iceberg,4,12,read,14.595
q6,3,213680,4,iceberg,4,12,read,213.68
q7,3,17548,4,iceberg,4,12,read,17.548
q8,3,201165,4,iceberg,4,12,read,201.165
q9,3,1338902,4,iceberg,4,12,read,1338.902
mutation,1,1760626,4,iceberg,5,4,write,1760.626
q13,1,20012,4,iceberg,5,4,read,20.012
q19,1,7584,4,iceberg,5,4,read,7.584
q27,1,330955,4,iceberg,5,4,read,330.955
q28,1,686626,4,iceberg,5,4,read,686.626
q3,1,37077,4,iceberg,5,4,read,37.077
q36,1,13437,4,iceberg,5,4,read,13.437
q6,1,254172,4,iceberg,5,4,read,254.172
q7,1,16462,4,iceberg,5,4,read,16.462
q8,1,246258,4,iceberg,5,4,read,246.258
q9,1,1530912,4,iceberg,5,4,read,1530.912
q13,2,22114,4,iceberg,5,8,read,22.114
q19,2,8427,4,iceberg,5,8,read,8.427
q27,2,267186,4,iceberg,5,8,read,267.186
q28,2,673845,4,iceberg,5,8,read,673.845
q3,2,36002,4,iceberg,5,8,read,36.002
q36,2,13983,4,iceberg,5,8,read,13.983
q6,2,256412,4,iceberg,5,8,read,256.412
q7,2,17129,4,iceberg,5,8,read,17.129
q8,2,249957,4,iceberg,5,8,read,249.957
q9,2,1666519,4,iceberg,5,8,read,1666.519
q13,3,24770,4,iceberg,5,12,read,24.77
q19,3,9661,4,iceberg,5,12,read,9.661
q27,3,274946,4,iceberg,5,12,read,274.946
q28,3,682212,4,iceberg,5,12,read,682.212
q3,3,44955,4,iceberg,5,12,read,44.955
q36,3,14976,4,iceberg,5,12,read,14.976
q6,3,258425,4,iceberg,5,12,read,258.425
q7,3,16126,4,iceberg,5,12,read,16.126
q8,3,254443,4,iceberg,5,12,read,254.443
q9,3,1351869,4,iceberg,5,12,read,1351.869
mutation,1,1488863,4,iceberg,6,4,write,1488.863
q13,1,32530,4,iceberg,6,4,read,32.53
q19,1,8801,4,iceberg,6,4,read,8.801
q27,1,318030,4,iceberg,6,4,read,318.03
q28,1,697405,4,iceberg,6,4,read,697.405
q3,1,37101,4,iceberg,6,4,read,37.101
q36,1,13666,4,iceberg,6,4,read,13.666
q6,1,261739,4,iceberg,6,4,read,261.739
q7,1,17468,4,iceberg,6,4,read,17.468
q8,1,249833,4,iceberg,6,4,read,249.833
q9,1,1669305,4,iceberg,6,4,read,1669.305
q13,2,24168,4,iceberg,6,8,read,24.168
q19,2,8902,4,iceberg,6,8,read,8.902
q27,2,272123,4,iceberg,6,8,read,272.123
q28,2,682653,4,iceberg,6,8,read,682.653
q3,2,38372,4,iceberg,6,8,read,38.372
q36,2,14786,4,iceberg,6,8,read,14.786
q6,2,257531,4,iceberg,6,8,read,257.531
q7,2,16904,4,iceberg,6,8,read,16.904
q8,2,251869,4,iceberg,6,8,read,251.869
q9,2,1354684,4,iceberg,6,8,read,1354.684
q13,3,16302,4,iceberg,6,12,read,16.302
q19,3,6775,4,iceberg,6,12,read,6.775
q27,3,271712,4,iceberg,6,12,read,271.712
q28,3,688640,4,iceberg,6,12,read,688.64
q3,3,39414,4,iceberg,6,12,read,39.414
q36,3,12999,4,iceberg,6,12,read,12.999
q6,3,263452,4,iceberg,6,12,read,263.452
q7,3,15753,4,iceberg,6,12,read,15.753
q8,3,253266,4,iceberg,6,12,read,253.266
q9,3,1447670,4,iceberg,6,12,read,1447.67
mutation,1,4073477,3,iceberg,1,3,write,4073.477
q13,1,24998,3,iceberg,1,3,read,24.998
q19,1,6683,3,iceberg,1,3,read,6.683
q27,1,24662,3,iceberg,1,3,read,24.662
q28,1,155698,3,iceberg,1,3,read,155.698
q3,1,6288,3,iceberg,1,3,read,6.288
q36,1,11128,3,iceberg,1,3,read,11.128
q6,1,36140,3,iceberg,1,3,read,36.14
q7,1,12468,3,iceberg,1,3,read,12.468
q8,1,37024,3,iceberg,1,3,read,37.024
q9,1,172160,3,iceberg,1,3,read,172.16
q13,2,13034,3,iceberg,1,6,read,13.034
q19,2,3528,3,iceberg,1,6,read,3.528
q27,2,10678,3,iceberg,1,6,read,10.678
q28,2,136119,3,iceberg,1,6,read,136.119
q3,2,5119,3,iceberg,1,6,read,5.119
q36,2,9193,3,iceberg,1,6,read,9.193
q6,2,31317,3,iceberg,1,6,read,31.317
q7,2,12804,3,iceberg,1,6,read,12.804
q8,2,36447,3,iceberg,1,6,read,36.447
q9,2,166201,3,iceberg,1,6,read,166.201
q13,3,12963,3,iceberg,1,9,read,12.963
q19,3,2779,3,iceberg,1,9,read,2.779
q27,3,10164,3,iceberg,1,9,read,10.164
q28,3,136691,3,iceberg,1,9,read,136.691
q3,3,4789,3,iceberg,1,9,read,4.789
q36,3,8980,3,iceberg,1,9,read,8.98
q6,3,30017,3,iceberg,1,9,read,30.017
q7,3,10191,3,iceberg,1,9,read,10.191
q8,3,35997,3,iceberg,1,9,read,35.997
q9,3,173806,3,iceberg,1,9,read,173.806
mutation,1,1842449,3,iceberg,2,3,write,1842.449
q13,1,20402,3,iceberg,2,3,read,20.402
q19,1,8107,3,iceberg,2,3,read,8.107
q27,1,282967,3,iceberg,2,3,read,282.967
q28,1,597830,3,iceberg,2,3,read,597.83
q3,1,35446,3,iceberg,2,3,read,35.446
q36,1,14889,3,iceberg,2,3,read,14.889
q6,1,222763,3,iceberg,2,3,read,222.763
q7,1,17328,3,iceberg,2,3,read,17.328
q8,1,216804,3,iceberg,2,3,read,216.804
q9,1,1416179,3,iceberg,2,3,read,1416.179
q13,2,24310,3,iceberg,2,6,read,24.31
q19,2,9245,3,iceberg,2,6,read,9.245
q27,2,237203,3,iceberg,2,6,read,237.203
q28,2,599176,3,iceberg,2,6,read,599.176
q3,2,36420,3,iceberg,2,6,read,36.42
q36,2,15352,3,iceberg,2,6,read,15.352
q6,2,230040,3,iceberg,2,6,read,230.04
q7,2,17620,3,iceberg,2,6,read,17.62
q8,2,213889,3,iceberg,2,6,read,213.889
q9,2,1352640,3,iceberg,2,6,read,1352.64
q13,3,22166,3,iceberg,2,9,read,22.166
q19,3,21823,3,iceberg,2,9,read,21.823
q27,3,229266,3,iceberg,2,9,read,229.266
q28,3,591983,3,iceberg,2,9,read,591.983
q3,3,36304,3,iceberg,2,9,read,36.304
q36,3,14716,3,iceberg,2,9,read,14.716
q6,3,234272,3,iceberg,2,9,read,234.272
q7,3,19056,3,iceberg,2,9,read,19.056
q8,3,218195,3,iceberg,2,9,read,218.195
q9,3,1424519,3,iceberg,2,9,read,1424.519
mutation,1,1768154,3,iceberg,3,3,write,1768.154
q13,1,24232,3,iceberg,3,3,read,24.232
q19,1,9675,3,iceberg,3,3,read,9.675
q27,1,272962,3,iceberg,3,3,read,272.962
q28,1,606128,3,iceberg,3,3,read,606.128
q3,1,34911,3,iceberg,3,3,read,34.911
q36,1,14738,3,iceberg,3,3,read,14.738
q6,1,225776,3,iceberg,3,3,read,225.776
q7,1,19851,3,iceberg,3,3,read,19.851
q8,1,217202,3,iceberg,3,3,read,217.202
q9,1,1429827,3,iceberg,3,3,read,1429.827
q13,2,23728,3,iceberg,3,6,read,23.728
q19,2,11159,3,iceberg,3,6,read,11.159
q27,2,224739,3,iceberg,3,6,read,224.739
q28,2,585139,3,iceberg,3,6,read,585.139
q3,2,35310,3,iceberg,3,6,read,35.31
q36,2,14955,3,iceberg,3,6,read,14.955
q6,2,228821,3,iceberg,3,6,read,228.821
q7,2,17187,3,iceberg,3,6,read,17.187
q8,2,214241,3,iceberg,3,6,read,214.241
q9,2,1449677,3,iceberg,3,6,read,1449.677
q13,3,24473,3,iceberg,3,9,read,24.473
q19,3,9575,3,iceberg,3,9,read,9.575
q27,3,226575,3,iceberg,3,9,read,226.575
q28,3,592599,3,iceberg,3,9,read,592.599
q3,3,34028,3,iceberg,3,9,read,34.028
q36,3,19544,3,iceberg,3,9,read,19.544
q6,3,235586,3,iceberg,3,9,read,235.586
q7,3,17023,3,iceberg,3,9,read,17.023
q8,3,215412,3,iceberg,3,9,read,215.412
q9,3,1373988,3,iceberg,3,9,read,1373.988
mutation,1,1373615,3,iceberg,4,3,write,1373.615
q13,1,22001,3,iceberg,4,3,read,22.001
q19,1,8711,3,iceberg,4,3,read,8.711
q27,1,286177,3,iceberg,4,3,read,286.177
q28,1,605073,3,iceberg,4,3,read,605.073
q3,1,34126,3,iceberg,4,3,read,34.126
q36,1,14722,3,iceberg,4,3,read,14.722
q6,1,234409,3,iceberg,4,3,read,234.409
q7,1,18254,3,iceberg,4,3,read,18.254
q8,1,222056,3,iceberg,4,3,read,222.056
q9,1,1458710,3,iceberg,4,3,read,1458.71
q13,2,25086,3,iceberg,4,6,read,25.086
q19,2,9430,3,iceberg,4,6,read,9.43
q27,2,231150,3,iceberg,4,6,read,231.15
q28,2,606655,3,iceberg,4,6,read,606.655
q3,2,37017,3,iceberg,4,6,read,37.017
q36,2,14655,3,iceberg,4,6,read,14.655
q6,2,228631,3,iceberg,4,6,read,228.631
q7,2,17167,3,iceberg,4,6,read,17.167
q8,2,218744,3,iceberg,4,6,read,218.744
q9,2,1480774,3,iceberg,4,6,read,1480.774
q13,3,25220,3,iceberg,4,9,read,25.22
q19,3,9833,3,iceberg,4,9,read,9.833
q27,3,232592,3,iceberg,4,9,read,232.592
q28,3,600137,3,iceberg,4,9,read,600.137
q3,3,44926,3,iceberg,4,9,read,44.926
q36,3,15176,3,iceberg,4,9,read,15.176
q6,3,245689,3,iceberg,4,9,read,245.689
q7,3,23489,3,iceberg,4,9,read,23.489
q8,3,223501,3,iceberg,4,9,read,223.501
q9,3,1461448,3,iceberg,4,9,read,1461.448
mutation,1,1880565,3,iceberg,5,3,write,1880.565
q13,1,20820,3,iceberg,5,3,read,20.82
q19,1,7919,3,iceberg,5,3,read,7.919
q27,1,360128,3,iceberg,5,3,read,360.128
q28,1,725905,3,iceberg,5,3,read,725.905
q3,1,40589,3,iceberg,5,3,read,40.589
q36,1,13567,3,iceberg,5,3,read,13.567
q6,1,277665,3,iceberg,5,3,read,277.665
q7,1,16380,3,iceberg,5,3,read,16.38
q8,1,272057,3,iceberg,5,3,read,272.057
q9,1,1772759,3,iceberg,5,3,read,1772.759
q13,2,23556,3,iceberg,5,6,read,23.556
q19,2,8741,3,iceberg,5,6,read,8.741
q27,2,285656,3,iceberg,5,6,read,285.656
q28,2,702818,3,iceberg,5,6,read,702.818
q3,2,40465,3,iceberg,5,6,read,40.465
q36,2,14035,3,iceberg,5,6,read,14.035
q6,2,266693,3,iceberg,5,6,read,266.693
q7,2,17267,3,iceberg,5,6,read,17.267
q8,2,268099,3,iceberg,5,6,read,268.099
q9,2,1773207,3,iceberg,5,6,read,1773.207
q13,3,24418,3,iceberg,5,9,read,24.418
q19,3,8686,3,iceberg,5,9,read,8.686
q27,3,287295,3,iceberg,5,9,read,287.295
q28,3,722030,3,iceberg,5,9,read,722.03
q3,3,41349,3,iceberg,5,9,read,41.349
q36,3,14800,3,iceberg,5,9,read,14.8
q6,3,273939,3,iceberg,5,9,read,273.939
q7,3,17044,3,iceberg,5,9,read,17.044
q8,3,266942,3,iceberg,5,9,read,266.942
q9,3,1798500,3,iceberg,5,9,read,1798.5
mutation,1,1518585,3,iceberg,6,3,write,1518.585
q13,1,27770,3,iceberg,6,3,read,27.77
q19,1,8461,3,iceberg,6,3,read,8.461
q27,1,327357,3,iceberg,6,3,read,327.357
q28,1,730795,3,iceberg,6,3,read,730.795
q3,1,39071,3,iceberg,6,3,read,39.071
q36,1,14000,3,iceberg,6,3,read,14
q6,1,280629,3,iceberg,6,3,read,280.629
q7,1,17523,3,iceberg,6,3,read,17.523
q8,1,272347,3,iceberg,6,3,read,272.347
q9,1,1518681,3,iceberg,6,3,read,1518.681
q13,2,17133,3,iceberg,6,6,read,17.133
q19,2,6929,3,iceberg,6,6,read,6.929
q27,2,302227,3,iceberg,6,6,read,302.227
q28,2,708409,3,iceberg,6,6,read,708.409
q3,2,38909,3,iceberg,6,6,read,38.909
q36,2,13894,3,iceberg,6,6,read,13.894
q6,2,276579,3,iceberg,6,6,read,276.579
q7,2,16172,3,iceberg,6,6,read,16.172
q8,2,260920,3,iceberg,6,6,read,260.92
q9,2,1800618,3,iceberg,6,6,read,1800.618
q13,3,22983,3,iceberg,6,9,read,22.983
q19,3,8279,3,iceberg,6,9,read,8.279
q27,3,294234,3,iceberg,6,9,read,294.234
q28,3,713593,3,iceberg,6,9,read,713.593
q3,3,39849,3,iceberg,6,9,read,39.849
q36,3,13884,3,iceberg,6,9,read,13.884
q6,3,274818,3,iceberg,6,9,read,274.818
q7,3,16860,3,iceberg,6,9,read,16.86
q8,3,268344,3,iceberg,6,9,read,268.344
q9,3,1772411,3,iceberg,6,9,read,1772.411
mutation,1,4351177,2,iceberg,1,2,write,4351.177
q13,1,25015,2,iceberg,1,2,read,25.015
q19,1,6612,2,iceberg,1,2,read,6.612
q27,1,21162,2,iceberg,1,2,read,21.162
q28,1,154633,2,iceberg,1,2,read,154.633
q3,1,6387,2,iceberg,1,2,read,6.387
q36,1,10744,2,iceberg,1,2,read,10.744
q6,1,33749,2,iceberg,1,2,read,33.749
q7,1,11975,2,iceberg,1,2,read,11.975
q8,1,38620,2,iceberg,1,2,read,38.62
q9,1,172951,2,iceberg,1,2,read,172.951
q13,2,12534,2,iceberg,1,4,read,12.534
q19,2,3028,2,iceberg,1,4,read,3.028
q27,2,10132,2,iceberg,1,4,read,10.132
q28,2,139083,2,iceberg,1,4,read,139.083
q3,2,4961,2,iceberg,1,4,read,4.961
q36,2,9665,2,iceberg,1,4,read,9.665
q6,2,29222,2,iceberg,1,4,read,29.222
q7,2,10667,2,iceberg,1,4,read,10.667
q8,2,35354,2,iceberg,1,4,read,35.354
q9,2,168057,2,iceberg,1,4,read,168.057
q13,3,12266,2,iceberg,1,6,read,12.266
q19,3,2830,2,iceberg,1,6,read,2.83
q27,3,9938,2,iceberg,1,6,read,9.938
q28,3,141346,2,iceberg,1,6,read,141.346
q3,3,5131,2,iceberg,1,6,read,5.131
q36,3,9285,2,iceberg,1,6,read,9.285
q6,3,28606,2,iceberg,1,6,read,28.606
q7,3,10619,2,iceberg,1,6,read,10.619
q8,3,39701,2,iceberg,1,6,read,39.701
q9,3,158676,2,iceberg,1,6,read,158.676
mutation,1,1830097,2,iceberg,2,2,write,1830.097
q13,1,22760,2,iceberg,2,2,read,22.76
q19,1,7782,2,iceberg,2,2,read,7.782
q27,1,285192,2,iceberg,2,2,read,285.192
q28,1,598217,2,iceberg,2,2,read,598.217
q3,1,34431,2,iceberg,2,2,read,34.431
q36,1,13963,2,iceberg,2,2,read,13.963
q6,1,222565,2,iceberg,2,2,read,222.565
q7,1,16686,2,iceberg,2,2,read,16.686
q8,1,212502,2,iceberg,2,2,read,212.502
q9,1,1421750,2,iceberg,2,2,read,1421.75
q13,2,23180,2,iceberg,2,4,read,23.18
q19,2,9155,2,iceberg,2,4,read,9.155
q27,2,227173,2,iceberg,2,4,read,227.173
q28,2,587192,2,iceberg,2,4,read,587.192
q3,2,35781,2,iceberg,2,4,read,35.781
q36,2,15561,2,iceberg,2,4,read,15.561
q6,2,229258,2,iceberg,2,4,read,229.258
q7,2,18223,2,iceberg,2,4,read,18.223
q8,2,212834,2,iceberg,2,4,read,212.834
q9,2,1426013,2,iceberg,2,4,read,1426.013
q13,3,25217,2,iceberg,2,6,read,25.217
q19,3,9999,2,iceberg,2,6,read,9.999
q27,3,224314,2,iceberg,2,6,read,224.314
q28,3,592138,2,iceberg,2,6,read,592.138
q3,3,35995,2,iceberg,2,6,read,35.995
q36,3,15225,2,iceberg,2,6,read,15.225
q6,3,226261,2,iceberg,2,6,read,226.261
q7,3,17815,2,iceberg,2,6,read,17.815
q8,3,219057,2,iceberg,2,6,read,219.057
q9,3,1441104,2,iceberg,2,6,read,1441.104
mutation,1,1483771,2,iceberg,3,2,write,1483.771
q13,1,21534,2,iceberg,3,2,read,21.534
q19,1,8474,2,iceberg,3,2,read,8.474
q27,1,266102,2,iceberg,3,2,read,266.102
q28,1,601966,2,iceberg,3,2,read,601.966
q3,1,36587,2,iceberg,3,2,read,36.587
q36,1,15242,2,iceberg,3,2,read,15.242
q6,1,227572,2,iceberg,3,2,read,227.572
q7,1,17019,2,iceberg,3,2,read,17.019
q8,1,215596,2,iceberg,3,2,read,215.596
q9,1,1430225,2,iceberg,3,2,read,1430.225
q13,2,23766,2,iceberg,3,4,read,23.766
q19,2,9491,2,iceberg,3,4,read,9.491
q27,2,239752,2,iceberg,3,4,read,239.752
q28,2,594562,2,iceberg,3,4,read,594.562
q3,2,35104,2,iceberg,3,4,read,35.104
q36,2,14753,2,iceberg,3,4,read,14.753
q6,2,226440,2,iceberg,3,4,read,226.44
q7,2,17871,2,iceberg,3,4,read,17.871
q8,2,217029,2,iceberg,3,4,read,217.029
q9,2,1439726,2,iceberg,3,4,read,1439.726
q13,3,24153,2,iceberg,3,6,read,24.153
q19,3,9820,2,iceberg,3,6,read,9.82
q27,3,227925,2,iceberg,3,6,read,227.925
q28,3,590022,2,iceberg,3,6,read,590.022
q3,3,35788,2,iceberg,3,6,read,35.788
q36,3,15982,2,iceberg,3,6,read,15.982
q6,3,228680,2,iceberg,3,6,read,228.68
q7,3,18342,2,iceberg,3,6,read,18.342
q8,3,220758,2,iceberg,3,6,read,220.758
q9,3,1467255,2,iceberg,3,6,read,1467.255
mutation,1,1448801,2,iceberg,4,2,write,1448.801
q13,1,20959,2,iceberg,4,2,read,20.959
q19,1,8454,2,iceberg,4,2,read,8.454
q27,1,253566,2,iceberg,4,2,read,253.566
q28,1,608877,2,iceberg,4,2,read,608.877
q3,1,35763,2,iceberg,4,2,read,35.763
q36,1,14492,2,iceberg,4,2,read,14.492
q6,1,233069,2,iceberg,4,2,read,233.069
q7,1,17418,2,iceberg,4,2,read,17.418
q8,1,216437,2,iceberg,4,2,read,216.437
q9,1,1454700,2,iceberg,4,2,read,1454.7
q13,2,25431,2,iceberg,4,4,read,25.431
q19,2,10935,2,iceberg,4,4,read,10.935
q27,2,228255,2,iceberg,4,4,read,228.255
q28,2,596747,2,iceberg,4,4,read,596.747
q3,2,36256,2,iceberg,4,4,read,36.256
q36,2,16054,2,iceberg,4,4,read,16.054
q6,2,228530,2,iceberg,4,4,read,228.53
q7,2,18612,2,iceberg,4,4,read,18.612
q8,2,219614,2,iceberg,4,4,read,219.614
q9,2,1473552,2,iceberg,4,4,read,1473.552
q13,3,24992,2,iceberg,4,6,read,24.992
q19,3,9547,2,iceberg,4,6,read,9.547
q27,3,231762,2,iceberg,4,6,read,231.762
q28,3,598686,2,iceberg,4,6,read,598.686
q3,3,35831,2,iceberg,4,6,read,35.831
q36,3,14905,2,iceberg,4,6,read,14.905
q6,3,234981,2,iceberg,4,6,read,234.981
q7,3,18023,2,iceberg,4,6,read,18.023
q8,3,219861,2,iceberg,4,6,read,219.861
q9,3,1474036,2,iceberg,4,6,read,1474.036
mutation,1,1773731,2,iceberg,5,2,write,1773.731
q13,1,20801,2,iceberg,5,2,read,20.801
q19,1,8245,2,iceberg,5,2,read,8.245
q27,1,355207,2,iceberg,5,2,read,355.207
q28,1,764886,2,iceberg,5,2,read,764.886
q3,1,41196,2,iceberg,5,2,read,41.196
q36,1,14827,2,iceberg,5,2,read,14.827
q6,1,296523,2,iceberg,5,2,read,296.523
q7,1,17095,2,iceberg,5,2,read,17.095
q8,1,277085,2,iceberg,5,2,read,277.085
q9,1,1847372,2,iceberg,5,2,read,1847.372
q13,2,23027,2,iceberg,5,4,read,23.027
q19,2,8911,2,iceberg,5,4,read,8.911
q27,2,298146,2,iceberg,5,4,read,298.146
q28,2,743115,2,iceberg,5,4,read,743.115
q3,2,49413,2,iceberg,5,4,read,49.413
q36,2,15068,2,iceberg,5,4,read,15.068
q6,2,283655,2,iceberg,5,4,read,283.655
q7,2,17177,2,iceberg,5,4,read,17.177
q8,2,278180,2,iceberg,5,4,read,278.18
q9,2,1727182,2,iceberg,5,4,read,1727.182
q13,3,22194,2,iceberg,5,6,read,22.194
q19,3,8879,2,iceberg,5,6,read,8.879
q27,3,342567,2,iceberg,5,6,read,342.567
q28,3,748702,2,iceberg,5,6,read,748.702
q3,3,44258,2,iceberg,5,6,read,44.258
q36,3,16166,2,iceberg,5,6,read,16.166
q6,3,284123,2,iceberg,5,6,read,284.123
q7,3,17437,2,iceberg,5,6,read,17.437
q8,3,409185,2,iceberg,5,6,read,409.185
q9,3,1892072,2,iceberg,5,6,read,1892.072
mutation,1,1597811,2,iceberg,6,2,write,1597.811
q13,1,31108,2,iceberg,6,2,read,31.108
q19,1,9110,2,iceberg,6,2,read,9.11
q27,1,369453,2,iceberg,6,2,read,369.453
q28,1,768330,2,iceberg,6,2,read,768.33
q3,1,46829,2,iceberg,6,2,read,46.829
q36,1,14133,2,iceberg,6,2,read,14.133
q6,1,288083,2,iceberg,6,2,read,288.083
q7,1,17739,2,iceberg,6,2,read,17.739
q8,1,282785,2,iceberg,6,2,read,282.785
q9,1,1712716,2,iceberg,6,2,read,1712.716
q13,2,23332,2,iceberg,6,4,read,23.332
q19,2,8885,2,iceberg,6,4,read,8.885
q27,2,288792,2,iceberg,6,4,read,288.792
q28,2,735067,2,iceberg,6,4,read,735.067
q3,2,41988,2,iceberg,6,4,read,41.988
q36,2,13943,2,iceberg,6,4,read,13.943
q6,2,281193,2,iceberg,6,4,read,281.193
q7,2,17470,2,iceberg,6,4,read,17.47
q8,2,273418,2,iceberg,6,4,read,273.418
q9,2,1810680,2,iceberg,6,4,read,1810.68
q13,3,22136,2,iceberg,6,6,read,22.136
q19,3,8979,2,iceberg,6,6,read,8.979
q27,3,299679,2,iceberg,6,6,read,299.679
q28,3,749565,2,iceberg,6,6,read,749.565
q3,3,41351,2,iceberg,6,6,read,41.351
q36,3,13792,2,iceberg,6,6,read,13.792
q6,3,286086,2,iceberg,6,6,read,286.086
q7,3,17010,2,iceberg,6,6,read,17.01
q8,3,278947,2,iceberg,6,6,read,278.947
q9,3,1823873,2,iceberg,6,6,read,1823.873
mutation,1,4304865,1,iceberg,1,1,write,4304.865
q13,1,30104,1,iceberg,1,1,read,30.104
q19,1,6649,1,iceberg,1,1,read,6.649
q27,1,22410,1,iceberg,1,1,read,22.41
q28,1,159893,1,iceberg,1,1,read,159.893
q3,1,6050,1,iceberg,1,1,read,6.05
q36,1,14364,1,iceberg,1,1,read,14.364
q6,1,36082,1,iceberg,1,1,read,36.082
q7,1,12422,1,iceberg,1,1,read,12.422
q8,1,39950,1,iceberg,1,1,read,39.95
q9,1,173819,1,iceberg,1,1,read,173.819
q13,2,14113,1,iceberg,1,2,read,14.113
q19,2,3020,1,iceberg,1,2,read,3.02
q27,2,10397,1,iceberg,1,2,read,10.397
q28,2,137445,1,iceberg,1,2,read,137.445
q3,2,5227,1,iceberg,1,2,read,5.227
q36,2,8852,1,iceberg,1,2,read,8.852
q6,2,29620,1,iceberg,1,2,read,29.62
q7,2,10922,1,iceberg,1,2,read,10.922
q8,2,40121,1,iceberg,1,2,read,40.121
q9,2,172270,1,iceberg,1,2,read,172.27
q13,3,13112,1,iceberg,1,3,read,13.112
q19,3,3269,1,iceberg,1,3,read,3.269
q27,3,9946,1,iceberg,1,3,read,9.946
q28,3,131320,1,iceberg,1,3,read,131.32
q3,3,5238,1,iceberg,1,3,read,5.238
q36,3,10843,1,iceberg,1,3,read,10.843
q6,3,28421,1,iceberg,1,3,read,28.421
q7,3,10252,1,iceberg,1,3,read,10.252
q8,3,36886,1,iceberg,1,3,read,36.886
q9,3,168965,1,iceberg,1,3,read,168.965
mutation,1,1822273,1,iceberg,2,1,write,1822.273
q13,1,19946,1,iceberg,2,1,read,19.946
q19,1,8375,1,iceberg,2,1,read,8.375
q27,1,277672,1,iceberg,2,1,read,277.672
q28,1,616905,1,iceberg,2,1,read,616.905
q3,1,37134,1,iceberg,2,1,read,37.134
q36,1,14304,1,iceberg,2,1,read,14.304
q6,1,228375,1,iceberg,2,1,read,228.375
q7,1,17036,1,iceberg,2,1,read,17.036
q8,1,216807,1,iceberg,2,1,read,216.807
q9,1,1456249,1,iceberg,2,1,read,1456.249
q13,2,24487,1,iceberg,2,2,read,24.487
q19,2,8649,1,iceberg,2,2,read,8.649
q27,2,227126,1,iceberg,2,2,read,227.126
q28,2,606828,1,iceberg,2,2,read,606.828
q3,2,34856,1,iceberg,2,2,read,34.856
q36,2,14460,1,iceberg,2,2,read,14.46
q6,2,227533,1,iceberg,2,2,read,227.533
q7,2,17445,1,iceberg,2,2,read,17.445
q8,2,214395,1,iceberg,2,2,read,214.395
q9,2,1447388,1,iceberg,2,2,read,1447.388
q13,3,25696,1,iceberg,2,3,read,25.696
q19,3,9217,1,iceberg,2,3,read,9.217
q27,3,225258,1,iceberg,2,3,read,225.258
q28,3,589908,1,iceberg,2,3,read,589.908
q3,3,33696,1,iceberg,2,3,read,33.696
q36,3,14153,1,iceberg,2,3,read,14.153
q6,3,220586,1,iceberg,2,3,read,220.586
q7,3,17386,1,iceberg,2,3,read,17.386
q8,3,218221,1,iceberg,2,3,read,218.221
q9,3,1444152,1,iceberg,2,3,read,1444.152
mutation,1,1566751,1,iceberg,3,1,write,1566.751
q13,1,40548,1,iceberg,3,1,read,40.548
q19,1,8479,1,iceberg,3,1,read,8.479
q27,1,268655,1,iceberg,3,1,read,268.655
q28,1,605155,1,iceberg,3,1,read,605.155
q3,1,36576,1,iceberg,3,1,read,36.576
q36,1,14325,1,iceberg,3,1,read,14.325
q6,1,230855,1,iceberg,3,1,read,230.855
q7,1,17917,1,iceberg,3,1,read,17.917
q8,1,215635,1,iceberg,3,1,read,215.635
q9,1,1378346,1,iceberg,3,1,read,1378.346
q13,2,20198,1,iceberg,3,2,read,20.198
q19,2,9625,1,iceberg,3,2,read,9.625
q27,2,231212,1,iceberg,3,2,read,231.212
q28,2,598878,1,iceberg,3,2,read,598.878
q3,2,36176,1,iceberg,3,2,read,36.176
q36,2,23852,1,iceberg,3,2,read,23.852
q6,2,222333,1,iceberg,3,2,read,222.333
q7,2,16939,1,iceberg,3,2,read,16.939
q8,2,223403,1,iceberg,3,2,read,223.403
q9,2,1435612,1,iceberg,3,2,read,1435.612
q13,3,25693,1,iceberg,3,3,read,25.693
q19,3,9326,1,iceberg,3,3,read,9.326
q27,3,228484,1,iceberg,3,3,read,228.484
q28,3,587869,1,iceberg,3,3,read,587.869
q3,3,35551,1,iceberg,3,3,read,35.551
q36,3,14367,1,iceberg,3,3,read,14.367
q6,3,224144,1,iceberg,3,3,read,224.144
q7,3,17335,1,iceberg,3,3,read,17.335
q8,3,210149,1,iceberg,3,3,read,210.149
q9,3,1440554,1,iceberg,3,3,read,1440.554
mutation,1,1369855,1,iceberg,4,1,write,1369.855
q13,1,21012,1,iceberg,4,1,read,21.012
q19,1,8091,1,iceberg,4,1,read,8.091
q27,1,263018,1,iceberg,4,1,read,263.018
q28,1,597071,1,iceberg,4,1,read,597.071
q3,1,34233,1,iceberg,4,1,read,34.233
q36,1,14406,1,iceberg,4,1,read,14.406
q6,1,223844,1,iceberg,4,1,read,223.844
q7,1,17593,1,iceberg,4,1,read,17.593
q8,1,213386,1,iceberg,4,1,read,213.386
q9,1,1444566,1,iceberg,4,1,read,1444.566
q13,2,24154,1,iceberg,4,2,read,24.154
q19,2,9562,1,iceberg,4,2,read,9.562
q27,2,225753,1,iceberg,4,2,read,225.753
q28,2,592420,1,iceberg,4,2,read,592.42
q3,2,35563,1,iceberg,4,2,read,35.563
q36,2,14894,1,iceberg,4,2,read,14.894
q6,2,225945,1,iceberg,4,2,read,225.945
q7,2,18158,1,iceberg,4,2,read,18.158
q8,2,215703,1,iceberg,4,2,read,215.703
q9,2,1432638,1,iceberg,4,2,read,1432.638
q13,3,24539,1,iceberg,4,3,read,24.539
q19,3,10012,1,iceberg,4,3,read,10.012
q27,3,228568,1,iceberg,4,3,read,228.568
q28,3,597456,1,iceberg,4,3,read,597.456
q3,3,35791,1,iceberg,4,3,read,35.791
q36,3,14999,1,iceberg,4,3,read,14.999
q6,3,228286,1,iceberg,4,3,read,228.286
q7,3,17650,1,iceberg,4,3,read,17.65
q8,3,221208,1,iceberg,4,3,read,221.208
q9,3,1443617,1,iceberg,4,3,read,1443.617
mutation,1,1759786,1,iceberg,5,1,write,1759.786
q13,1,20296,1,iceberg,5,1,read,20.296
q19,1,7657,1,iceberg,5,1,read,7.657
q27,1,361514,1,iceberg,5,1,read,361.514
q28,1,736977,1,iceberg,5,1,read,736.977
q3,1,41506,1,iceberg,5,1,read,41.506
q36,1,13870,1,iceberg,5,1,read,13.87
q6,1,274120,1,iceberg,5,1,read,274.12
q7,1,17040,1,iceberg,5,1,read,17.04
q8,1,264007,1,iceberg,5,1,read,264.007
q9,1,1550965,1,iceberg,5,1,read,1550.965
q13,2,22053,1,iceberg,5,2,read,22.053
q19,2,8619,1,iceberg,5,2,read,8.619
q27,2,282865,1,iceberg,5,2,read,282.865
q28,2,716177,1,iceberg,5,2,read,716.177
q3,2,38630,1,iceberg,5,2,read,38.63
q36,2,13624,1,iceberg,5,2,read,13.624
q6,2,275695,1,iceberg,5,2,read,275.695
q7,2,16542,1,iceberg,5,2,read,16.542
q8,2,268309,1,iceberg,5,2,read,268.309
q9,2,1636744,1,iceberg,5,2,read,1636.744
q13,3,23104,1,iceberg,5,3,read,23.104
q19,3,7887,1,iceberg,5,3,read,7.887
q27,3,287617,1,iceberg,5,3,read,287.617
q28,3,716832,1,iceberg,5,3,read,716.832
q3,3,40118,1,iceberg,5,3,read,40.118
q36,3,13560,1,iceberg,5,3,read,13.56
q6,3,274923,1,iceberg,5,3,read,274.923
q7,3,16286,1,iceberg,5,3,read,16.286
q8,3,267922,1,iceberg,5,3,read,267.922
q9,3,1656189,1,iceberg,5,3,read,1656.189
mutation,1,1522216,1,iceberg,6,1,write,1522.216
q13,1,24164,1,iceberg,6,1,read,24.164
q19,1,9310,1,iceberg,6,1,read,9.31
q27,1,367406,1,iceberg,6,1,read,367.406
q28,1,740397,1,iceberg,6,1,read,740.397
q3,1,44266,1,iceberg,6,1,read,44.266
q36,1,13726,1,iceberg,6,1,read,13.726
q6,1,275672,1,iceberg,6,1,read,275.672
q7,1,25906,1,iceberg,6,1,read,25.906
q8,1,274992,1,iceberg,6,1,read,274.992
q9,1,1580945,1,iceberg,6,1,read,1580.945
q13,2,18214,1,iceberg,6,2,read,18.214
q19,2,7188,1,iceberg,6,2,read,7.188
q27,2,288741,1,iceberg,6,2,read,288.741
q28,2,729578,1,iceberg,6,2,read,729.578
q3,2,52362,1,iceberg,6,2,read,52.362
q36,2,13157,1,iceberg,6,2,read,13.157
q6,2,275140,1,iceberg,6,2,read,275.14
q7,2,16650,1,iceberg,6,2,read,16.65
q8,2,266330,1,iceberg,6,2,read,266.33
q9,2,1831215,1,iceberg,6,2,read,1831.215
q13,3,23313,1,iceberg,6,3,read,23.313
q19,3,8834,1,iceberg,6,3,read,8.834
q27,3,293997,1,iceberg,6,3,read,293.997
q28,3,730574,1,iceberg,6,3,read,730.574
q3,3,48646,1,iceberg,6,3,read,48.646
q36,3,13901,1,iceberg,6,3,read,13.901
q6,3,277250,1,iceberg,6,3,read,277.25
q7,3,17891,1,iceberg,6,3,read,17.891
q8,3,267250,1,iceberg,6,3,read,267.25
q9,3,1699879,1,iceberg,6,3,read,1699.879